{
  "threshold": 0.9930060060060061,
  "model_type": "xgboost",
  "val_pr_auc": 0.37543674796531185,
  "val_precision": 0.4509466437177281,
  "val_recall": 0.33762886597938147,
  "val_f1": 0.38614591009579957
}