{
  "split": "test",
  "threshold": 0.9930060060060061,
  "pr_auc": 0.3946283395681455,
  "roc_auc": 0.9854230454684609,
  "precision": 0.47386172006745364,
  "recall": 0.36164736164736166,
  "f1": 0.41021897810218977,
  "confusion_matrix": [
    [
      760662,
      312
    ],
    [
      496,
      281
    ]
  ],
  "prevalence": 0.0010200183524537545
}