{
  "threshold": 0.9940050050050051,
  "model_type": "xgboost",
  "val_pr_auc": 0.40414226319792346,
  "val_precision": 0.6191588785046729,
  "val_recall": 0.34149484536082475,
  "val_f1": 0.44019933554817275
}