{
  "split": "test",
  "threshold": 0.9940050050050051,
  "pr_auc": 0.4270977419973474,
  "roc_auc": 0.9856325843856298,
  "precision": 0.5952890792291221,
  "recall": 0.3577863577863578,
  "f1": 0.44694533762057875,
  "confusion_matrix": [
    [
      760785,
      189
    ],
    [
      499,
      278
    ]
  ],
  "prevalence": 0.0010200183524537545
}